"category","Reproductive_mode","year","site","perccover","yearind","perccoverLog"
"Common","Broadcaster",1992,"Cabritte Horn",1.75588235294118,0,0.244495414087114
"Common","Broadcaster",1992,"East Tektite",2.40588235294118,0,0.381274386629068
"Common","Broadcaster",1992,"Europa Bay",1.85588235294117,0,0.268550442201879
"Common","Broadcaster",1992,"Tektite",14.929,0,1.17403071803803
"Common","Broadcaster",1992,"West Little Lameshur",0.373529411764706,0,-0.427675196086298
"Common","Broadcaster",1992,"White Point",0.417647058823529,0,-0.379190572659199
"Common","Broadcaster",1992,"Yawzi",17.0025,0,1.23051278351822
"Common","Broadcaster",1993,"Cabritte Horn",1.928125,1,0.285135185713336
"Common","Broadcaster",1993,"East Tektite",1.73235294117647,1,0.238636377744846
"Common","Broadcaster",1993,"Europa Bay",1.346875,1,0.129327291840826
"Common","Broadcaster",1993,"Tektite",18.345,1,1.26351771609197
"Common","Broadcaster",1993,"West Little Lameshur",0.285294117647059,1,-0.54470718277601
"Common","Broadcaster",1993,"White Point",1.36875,1,0.136324132184194
"Common","Broadcaster",1993,"Yawzi",15.8065,1,1.19883571566511
"Common","Broadcaster",1994,"Cabritte Horn",1.39722222222222,2,0.14526548428864
"Common","Broadcaster",1994,"East Tektite",1.83333333333333,2,0.263241434774581
"Common","Broadcaster",1994,"Europa Bay",0.680555555555558,2,-0.167136416402753
"Common","Broadcaster",1994,"Tektite",19.4435,2,1.28877444443126
"Common","Broadcaster",1994,"West Little Lameshur",0.609375,2,-0.215115366957388
"Common","Broadcaster",1994,"White Point",1.421875,2,0.152861418337206
"Common","Broadcaster",1994,"Yawzi",16.897,2,1.22780960407522
"Common","Broadcaster",1995,"Cabritte Horn",0.341176470588236,3,-0.467020927815336
"Common","Broadcaster",1995,"East Tektite",2.94411764705883,3,0.468955160437064
"Common","Broadcaster",1995,"Europa Bay",0.211764705882353,3,-0.674146420610987
"Common","Broadcaster",1995,"Tektite",18.607,3,1.26967635762987
"Common","Broadcaster",1995,"West Little Lameshur",0.6,3,-0.221848749616356
"Common","Broadcaster",1995,"White Point",0.308823529411764,3,-0.510289617972317
"Common","Broadcaster",1995,"Yawzi",17.885,3,1.25248894448499
"Common","Broadcaster",1996,"Cabritte Horn",1.11764705882353,4,0.0483046795745555
"Common","Broadcaster",1996,"East Tektite",1.5325,4,0.185400483190453
"Common","Broadcaster",1996,"Europa Bay",0.270588235294118,4,-0.5676910896967
"Common","Broadcaster",1996,"Tektite",20.205,4,1.30545885477867
"Common","Broadcaster",1996,"West Little Lameshur",0.542105263157897,4,-0.265916376247655
"Common","Broadcaster",1996,"White Point",0.920588235294116,4,-0.0359345794958075
"Common","Broadcaster",1996,"Yawzi",12.977,4,1.11317430463436
"Common","Broadcaster",1997,"Cabritte Horn",1.55588235294117,5,0.19197675499293
"Common","Broadcaster",1997,"East Tektite",2.69444444444445,5,0.430469233498958
"Common","Broadcaster",1997,"Europa Bay",0.39,5,-0.408935392973501
"Common","Broadcaster",1997,"Tektite",19.6365,5,1.29306408191614
"Common","Broadcaster",1997,"West Little Lameshur",0.131578947368421,5,-0.880813592280792
"Common","Broadcaster",1997,"White Point",1.80625,5,0.256777860100623
"Common","Broadcaster",1997,"Yawzi",10.79,5,1.03302144468291
"Common","Broadcaster",1998,"Cabritte Horn",2.625,6,0.419129307741976
"Common","Broadcaster",1998,"East Tektite",1.63235294117647,6,0.212814066080421
"Common","Broadcaster",1998,"Europa Bay",1.38529411764706,6,0.141541990086641
"Common","Broadcaster",1998,"Tektite",17.543,6,1.24410386337651
"Common","Broadcaster",1998,"West Little Lameshur",0.294117647058823,6,-0.531478917042255
"Common","Broadcaster",1998,"White Point",0.984375,6,-0.00683942453030547
"Common","Broadcaster",1998,"Yawzi",9.3915,6,0.972734962840798
"Common","Broadcaster",1999,"Cabritte Horn",1.04705882352941,7,0.0199710809306193
"Common","Broadcaster",1999,"East Tektite",1.53888888888889,7,0.187207263961141
"Common","Broadcaster",1999,"Europa Bay",1.26470588235294,7,0.101989538537331
"Common","Broadcaster",1999,"Tektite",18.5385,7,1.26807459129299
"Common","Broadcaster",1999,"West Little Lameshur",0.626470588235294,7,-0.203099313603517
"Common","Broadcaster",1999,"White Point",1.753125,7,0.243812882936255
"Common","Broadcaster",1999,"Yawzi",5.8645,7,0.768230990620765
"Common","Broadcaster",2000,"Cabritte Horn",0.95,8,-0.0222763947111523
"Common","Broadcaster",2000,"East Tektite",1.62777777777778,8,0.211595115250803
"Common","Broadcaster",2000,"Europa Bay",0.975675675675675,8,-0.0106945221613374
"Common","Broadcaster",2000,"Tektite",20.587,8,1.31359306452133
"Common","Broadcaster",2000,"West Little Lameshur",0.13,8,-0.886056647693164
"Common","Broadcaster",2000,"White Point",1.12857142857143,8,0.0525290512761838
"Common","Broadcaster",2000,"Yawzi",6.152,8,0.789016326793375
"Common","Broadcaster",2001,"Cabritte Horn",2.09102564102564,9,0.320359358349795
"Common","Broadcaster",2001,"East Tektite",1.13375,9,0.0545173000681517
"Common","Broadcaster",2001,"Europa Bay",0.95125,9,-0.0217053302213708
"Common","Broadcaster",2001,"Tektite",20.8915,9,1.31996962324195
"Common","Broadcaster",2001,"West Little Lameshur",0.138235294117647,9,-0.859381059106538
"Common","Broadcaster",2001,"White Point",1.60641025641025,9,0.205856468303669
"Common","Broadcaster",2001,"Yawzi",6.9755,9,0.843575343050763
"Common","Broadcaster",2002,"Cabritte Horn",2.0952380952381,10,0.321233381752268
"Common","Broadcaster",2002,"East Tektite",1.1425,10,0.0578562087418879
"Common","Broadcaster",2002,"Europa Bay",0.69512195121951,10,-0.157938996711227
"Common","Broadcaster",2002,"Tektite",22.925,10,1.36030934434206
"Common","Broadcaster",2002,"West Little Lameshur",0.61627906976744,10,-0.21022258164278
"Common","Broadcaster",2002,"White Point",1.715,10,0.234264124378789
"Common","Broadcaster",2002,"Yawzi",5.5035,10,0.740638970811629
"Common","Broadcaster",2003,"Cabritte Horn",1.12763157894737,11,0.052167229642407
"Common","Broadcaster",2003,"East Tektite",1.49125,11,0.173550456678398
"Common","Broadcaster",2003,"Europa Bay",0.321428571428572,11,-0.492915521902894
"Common","Broadcaster",2003,"Tektite",20.7415,11,1.31684016083637
"Common","Broadcaster",2003,"West Little Lameshur",0.208108108108108,11,-0.681710998894513
"Common","Broadcaster",2003,"White Point",1.6974358974359,11,0.229793382413201
"Common","Broadcaster",2003,"Yawzi",7.1335,11,0.853302665578324
"Common","Broadcaster",2004,"Cabritte Horn",1.83589743589744,12,0.263848415281356
"Common","Broadcaster",2004,"East Tektite",1.7725,12,0.248586243855104
"Common","Broadcaster",2004,"Europa Bay",0.265384615384615,12,-0.576124257233562
"Common","Broadcaster",2004,"Tektite",19.575,12,1.29170177072998
"Common","Broadcaster",2004,"West Little Lameshur",0.140277777777778,12,-0.853011122648626
"Common","Broadcaster",2004,"White Point",1.51341463414634,12,0.179957929115014
"Common","Broadcaster",2004,"Yawzi",5.775,12,0.761551988564182
"Common","Broadcaster",2005,"Cabritte Horn",2.11111111111111,13,0.324511091513504
"Common","Broadcaster",2005,"East Tektite",1.7390243902439,13,0.24030567313213
"Common","Broadcaster",2005,"Europa Bay",0.47560975609756,13,-0.322749245357218
"Common","Broadcaster",2005,"Tektite",18.883,13,1.27607099313703
"Common","Broadcaster",2005,"West Little Lameshur",0.132926829268293,13,-0.876387354443092
"Common","Broadcaster",2005,"White Point",1.915,13,0.282168778304642
"Common","Broadcaster",2005,"Yawzi",6.0415,13,0.781144779820685
"Common","Broadcaster",2006,"Cabritte Horn",1.73,14,0.238046103128795
"Common","Broadcaster",2006,"East Tektite",1.18076923076923,14,0.0721650275063689
"Common","Broadcaster",2006,"Europa Bay",0.462820512820513,14,-0.334587400784822
"Common","Broadcaster",2006,"Tektite",8.215,14,0.91460756777108
"Common","Broadcaster",2006,"West Little Lameshur",0.22051282051282,14,-0.656566155782932
"Common","Broadcaster",2006,"White Point",1.59615384615384,14,0.203074748741274
"Common","Broadcaster",2006,"Yawzi",2.6165,14,0.417720739075684
"Common","Broadcaster",2007,"Cabritte Horn",1.25857142857143,15,0.0998778683977905
"Common","Broadcaster",2007,"East Tektite",0.81125,15,-0.0908452901915743
"Common","Broadcaster",2007,"Europa Bay",0.93125,15,-0.0309337142436507
"Common","Broadcaster",2007,"Tektite",11.1515,15,1.0473332887212
"Common","Broadcaster",2007,"West Little Lameshur",0.165,15,-0.782516055786094
"Common","Broadcaster",2007,"White Point",1.7109756097561,15,0.233243818644643
"Common","Broadcaster",2007,"Yawzi",2.325,15,0.366422957225973
"Common","Broadcaster",2008,"Cabritte Horn",1.08536585365854,16,0.0355761542611967
"Common","Broadcaster",2008,"East Tektite",0.62051282051282,16,-0.207249241046068
"Common","Broadcaster",2008,"Europa Bay",0.761538461538463,16,-0.118308157709286
"Common","Broadcaster",2008,"Tektite",8.125,16,0.909823369650912
"Common","Broadcaster",2008,"West Little Lameshur",0.139473684210526,16,-0.85550772701602
"Common","Broadcaster",2008,"White Point",0.957692307692308,16,-0.0187740008750817
"Common","Broadcaster",2008,"Yawzi",2.9,16,0.462397997898956
"Common","Broadcaster",2009,"Cabritte Horn",1.3725,17,0.13751235312213
"Common","Broadcaster",2009,"East Tektite",1.04375,17,0.0185964884916585
"Common","Broadcaster",2009,"Europa Bay",0.67375,17,-0.171501221805205
"Common","Broadcaster",2009,"Tektite",13.885,17,1.14254588408628
"Common","Broadcaster",2009,"West Little Lameshur",0.125,17,-0.903089986991944
"Common","Broadcaster",2009,"White Point",1.4375,17,0.157607853361668
"Common","Broadcaster",2009,"Yawzi",4.5115,17,0.654320961703679
"Common","Broadcaster",2010,"Cabritte Horn",1.7225,18,0.236159230579663
"Common","Broadcaster",2010,"East Tektite",1.25875,18,0.0999394835616744
"Common","Broadcaster",2010,"Europa Bay",0.888157894736844,18,-0.0515098194497653
"Common","Broadcaster",2010,"Tektite",12.54,18,1.0982975364947
"Common","Broadcaster",2010,"West Little Lameshur",0.25625,18,-0.591336125936189
"Common","Broadcaster",2010,"White Point",1.43928571428571,18,0.15814701479889
"Common","Broadcaster",2010,"Yawzi",3.4035,18,0.531925754940617
"Common","Broadcaster",2011,"Cabritte Horn",1.14,19,0.0569048513364726
"Common","Broadcaster",2011,"East Tektite",1.22435897435898,19,0.0879087688932663
"Common","Broadcaster",2011,"Europa Bay",0.211538461538462,19,-0.674610658476574
"Common","Broadcaster",2011,"Tektite",11.8535,19,1.07384660403842
"Common","Broadcaster",2011,"West Little Lameshur",0.2175,19,-0.662540738709344
"Common","Broadcaster",2011,"White Point",1.795,19,0.254064452914338
"Common","Broadcaster",2011,"Yawzi",3.135,19,0.496237545166735
"Common","Broadcaster",2012,"Cabritte Horn",1.3,20,0.113943352306837
"Common","Broadcaster",2012,"East Tektite",0.531707317073171,20,-0.274327363115131
"Common","Broadcaster",2012,"Europa Bay",0.238095238095238,20,-0.623249290397901
"Common","Broadcaster",2012,"Tektite",9.425,20,0.97428135887783
"Common","Broadcaster",2012,"West Little Lameshur",0.236842105263158,20,-0.625541087177485
"Common","Broadcaster",2012,"White Point",1.4890243902439,20,0.172901811561166
"Common","Broadcaster",2012,"Yawzi",3.162,20,0.49996186559619
"Common","Broadcaster",2013,"Cabritte Horn",1.3125,21,0.118099312077994
"Common","Broadcaster",2013,"East Tektite",1.2525,21,0.0977777345392833
"Common","Broadcaster",2013,"Europa Bay",0.6,21,-0.221848749616356
"Common","Broadcaster",2013,"Tektite",11.842,21,1.07342505674598
"Common","Broadcaster",2013,"West Little Lameshur",0.225609756097561,21,-0.646642123980703
"Common","Broadcaster",2013,"White Point",1.18414634146342,21,0.0734053775242888
"Common","Broadcaster",2013,"Yawzi",2.5435,21,0.405431741967373
"Common","Broadcaster",2014,"Cabritte Horn",1.7625,22,0.246129125663436
"Common","Broadcaster",2014,"East Tektite",1.33125,22,0.124259620782813
"Common","Broadcaster",2014,"Europa Bay",0.75,22,-0.1249387366083
"Common","Broadcaster",2014,"Tektite",8.305,22,0.919339636787413
"Common","Broadcaster",2014,"West Little Lameshur",0.1875,22,-0.726998727936262
"Common","Broadcaster",2014,"White Point",1.48875,22,0.172821774490834
"Common","Broadcaster",2014,"Yawzi",2.8115,22,0.448938087845422
"Common","Broadcaster",2015,"Cabritte Horn",2.0875,23,0.31962648415564
"Common","Broadcaster",2015,"East Tektite",1.02564102564103,23,0.0109953843014631
"Common","Broadcaster",2015,"Europa Bay",1.05,23,0.0211892990699381
"Common","Broadcaster",2015,"Tektite",11.715,23,1.06874229293298
"Common","Broadcaster",2015,"West Little Lameshur",0.184210526315789,23,-0.734685556602554
"Common","Broadcaster",2015,"White Point",1.80263157894737,23,0.255906974875616
"Common","Broadcaster",2015,"Yawzi",2.5265,23,0.402519302574249
"Common","Broadcaster",2016,"Cabritte Horn",1.90384615384615,24,0.27963185096275
"Common","Broadcaster",2016,"East Tektite",1.23625,24,0.0921063046052358
"Common","Broadcaster",2016,"Europa Bay",0.68918918918919,24,-0.161661543633039
"Common","Broadcaster",2016,"Tektite",11.9985,24,1.07912695584418
"Common","Broadcaster",2016,"West Little Lameshur",0.175,24,-0.756961951313706
"Common","Broadcaster",2016,"White Point",1.86842105263158,24,0.271474752102265
"Common","Broadcaster",2016,"Yawzi",2.53,24,0.403120521175818
"Common","Broadcaster",2017,"Cabritte Horn",2.08767628205128,25,0.319663157252536
"Common","Broadcaster",2017,"East Tektite",1.026875,25,0.0115175807791369
"Common","Broadcaster",2017,"Europa Bay",0.519146423751687,25,-0.284710133367918
"Common","Broadcaster",2017,"Tektite",11.64325,25,1.06607422258678
"Common","Broadcaster",2017,"West Little Lameshur",0.141842105263158,25,-0.848194831430072
"Common","Broadcaster",2017,"White Point",1.4275641025641,25,0.154595618679577
"Common","Broadcaster",2017,"Yawzi",2.46175,25,0.391243946591512
"Common","Broadcaster",2018,"Cabritte Horn",1.075,26,0.0314084642516241
"Common","Broadcaster",2018,"East Tektite",1.36951219512195,26,0.136565903877741
"Common","Broadcaster",2018,"Europa Bay",0.52820512820513,26,-0.277197386657344
"Common","Broadcaster",2018,"Tektite",10.562,26,1.02374616315248
"Common","Broadcaster",2018,"West Little Lameshur",0.287179487179487,26,-0.541846584356317
"Common","Broadcaster",2018,"White Point",1.00625,26,0.00270589337592497
"Common","Broadcaster",2018,"Yawzi",1.9615,26,0.292588312465555
"Common","Broadcaster",2019,"Cabritte Horn",1.78536585365854,27,0.251727224338656
"Common","Broadcaster",2019,"East Tektite",1.235,27,0.0916669575956845
"Common","Broadcaster",2019,"Europa Bay",0.41,27,-0.387216143280264
"Common","Broadcaster",2019,"Tektite",11.965,27,1.07791270294946
"Common","Broadcaster",2019,"West Little Lameshur",0.327631578947368,27,-0.484614245185055
"Common","Broadcaster",2019,"White Point",1.78461538461539,27,0.251544632584063
"Common","Broadcaster",2019,"Yawzi",1.745,27,0.241795431295199
"Common","Broadcaster",2020,"Cabritte Horn",1.46125,28,0.164724524169896
"Common","Broadcaster",2020,"East Tektite",0.915384615384615,28,-0.0383963909143062
"Common","Broadcaster",2020,"Europa Bay",0.61625,28,-0.210243067714714
"Common","Broadcaster",2020,"Tektite",10.2385,28,1.01023633462413
"Common","Broadcaster",2020,"West Little Lameshur",0.17375,28,-0.760075186737849
"Common","Broadcaster",2020,"White Point",1.04625,28,0.0196354710013164
"Common","Broadcaster",2020,"Yawzi",1.395,28,0.144574207609616
"Common","Broadcaster",2021,"Cabritte Horn",0.869047619047617,29,-0.0609564259414268
"Common","Broadcaster",2021,"East Tektite",1.11875,29,0.0487330483239684
"Common","Broadcaster",2021,"Europa Bay",1.2475,29,0.0960405542954275
"Common","Broadcaster",2021,"Tektite",6.11,29,0.786041210242554
"Common","Broadcaster",2021,"West Little Lameshur",0.12,29,-0.920818753952375
"Common","Broadcaster",2021,"White Point",0.825609756097561,29,-0.0832251836985723
"Common","Broadcaster",2021,"Yawzi",1.4335,29,0.156397697282503
"Common","Broadcaster",2022,"Cabritte Horn",1.18717948717949,30,0.074516383991454
"Common","Broadcaster",2022,"East Tektite",0.448717948717949,30,-0.348026558340204
"Common","Broadcaster",2022,"Europa Bay",0.55125,30,-0.258651397524105
"Common","Broadcaster",2022,"Tektite",4.802,30,0.681422155721009
"Common","Broadcaster",2022,"West Little Lameshur",0.211538461538462,30,-0.674610658476574
"Common","Broadcaster",2022,"White Point",0.611842105263159,30,-0.213360639390837
"Common","Broadcaster",2022,"Yawzi",1.275,30,0.105510184769974
"Common","Broadcaster",2023,"Cabritte Horn",0.80875,31,-0.0921857063232432
"Common","Broadcaster",2023,"East Tektite",0.765277777777777,31,-0.116180897579484
"Common","Broadcaster",2023,"Europa Bay",0.16625,31,-0.779238346024858
"Common","Broadcaster",2023,"Tektite",4.937,31,0.693463127219531
"Common","Broadcaster",2023,"West Little Lameshur",0.12125,31,-0.916318252725699
"Common","Broadcaster",2023,"White Point",0.965476190476191,31,-0.0152584318507252
"Common","Broadcaster",2023,"Yawzi",1.4375,31,0.157607853361668
"Common","Brooder",1992,"Cabritte Horn",1.22352941176471,0,0.0876144135844891
"Common","Brooder",1992,"East Tektite",0.247058823529412,0,-0.607199630980373
"Common","Brooder",1992,"Europa Bay",0.176470588235294,0,-0.753327666658612
"Common","Brooder",1992,"Tektite",1.207,0,0.0817072700973492
"Common","Brooder",1992,"West Little Lameshur",0.182352941176471,0,-0.739087227544
"Common","Brooder",1992,"Yawzi",0.525,0,-0.279840696594043
"Common","Brooder",1993,"Cabritte Horn",1.7625,1,0.246129125663436
"Common","Brooder",1993,"East Tektite",0.529411764705882,1,-0.276206411938949
"Common","Brooder",1993,"Europa Bay",0.03125,1,-1.50514997831991
"Common","Brooder",1993,"Tektite",1.397,1,0.145196406114182
"Common","Brooder",1993,"West Little Lameshur",1.12352941176471,1,0.0505844458694552
"Common","Brooder",1993,"White Point",0.6875,1,-0.1627272974977
"Common","Brooder",1993,"Yawzi",0.54,1,-0.267606240177031
"Common","Brooder",1994,"Cabritte Horn",1.59444444444444,2,0.202609391630685
"Common","Brooder",1994,"East Tektite",0.388888888888889,2,-0.410174465089049
"Common","Brooder",1994,"Europa Bay",0.388888888888889,2,-0.410174465089049
"Common","Brooder",1994,"Tektite",0.907,2,-0.0423927129399047
"Common","Brooder",1994,"West Little Lameshur",0.65625,2,-0.182930683585987
"Common","Brooder",1994,"White Point",0.25,2,-0.602059991327962
"Common","Brooder",1994,"Yawzi",0.473,2,-0.325138859262188
"Common","Brooder",1995,"Cabritte Horn",1.35294117647059,3,0.13127891463932
"Common","Brooder",1995,"East Tektite",0.594117647058823,3,-0.226127547595632
"Common","Brooder",1995,"Europa Bay",0.0941176470588235,3,-1.02632893872235
"Common","Brooder",1995,"Tektite",0.957,3,-0.0190880622231565
"Common","Brooder",1995,"West Little Lameshur",0.152941176470588,3,-0.815475573407457
"Common","Brooder",1995,"White Point",1.05294117647059,3,0.02240410960162
"Common","Brooder",1995,"Yawzi",0.717,3,-0.1444808443322
"Common","Brooder",1996,"Cabritte Horn",2.27647058823529,4,0.357262043640637
"Common","Brooder",1996,"East Tektite",0.485,4,-0.314258261397736
"Common","Brooder",1996,"Europa Bay",0.270588235294118,4,-0.567691089696699
"Common","Brooder",1996,"Tektite",1.253,4,0.09795107099415
"Common","Brooder",1996,"West Little Lameshur",0.268421052631579,4,-0.571183424854892
"Common","Brooder",1996,"White Point",0.352941176470588,4,-0.452297670994631
"Common","Brooder",1996,"Yawzi",0.153,4,-0.815308569182401
"Common","Brooder",1997,"Cabritte Horn",1.51764705882353,5,0.181170784584956
"Common","Brooder",1997,"East Tektite",0.372222222222222,5,-0.42919770240248
"Common","Brooder",1997,"Europa Bay",0.125,5,-0.903089986991944
"Common","Brooder",1997,"Tektite",1.97,5,0.294466226161593
"Common","Brooder",1997,"West Little Lameshur",0.289473684210526,5,-0.538390911458586
"Common","Brooder",1997,"White Point",0.675,5,-0.170696227168975
"Common","Brooder",1997,"Yawzi",0.133,5,-0.876148359032914
"Common","Brooder",1998,"Cabritte Horn",2.03125,6,0.30776337832295
"Common","Brooder",1998,"East Tektite",0.235294117647059,6,-0.628388930050311
"Common","Brooder",1998,"Europa Bay",0.411764705882353,6,-0.385350881364017
"Common","Brooder",1998,"Tektite",2.963,6,0.471731651480051
"Common","Brooder",1998,"West Little Lameshur",0.0882352941176471,6,-1.05435766232259
"Common","Brooder",1998,"White Point",0.9375,6,-0.0280287236002435
"Common","Brooder",1998,"Yawzi",0.15,6,-0.823908740944319
"Common","Brooder",1999,"Cabritte Horn",1.47647058823529,7,0.169224800102763
"Common","Brooder",1999,"East Tektite",0.861111111111111,7,-0.0649408069330146
"Common","Brooder",1999,"Europa Bay",0.176470588235294,7,-0.753327666658612
"Common","Brooder",1999,"Tektite",2.85,7,0.45484486000851
"Common","Brooder",1999,"West Little Lameshur",0.61764705882353,7,-0.209259622308335
"Common","Brooder",1999,"White Point",0.54375,7,-0.264600730037306
"Common","Brooder",1999,"Yawzi",0.483,7,-0.316052869248488
"Common","Brooder",2000,"Cabritte Horn",0.979411764705882,8,-0.00903468353593542
"Common","Brooder",2000,"East Tektite",0.708333333333333,8,-0.149762320333332
"Common","Brooder",2000,"Europa Bay",0.289189189189189,8,-0.538817946381786
"Common","Brooder",2000,"Tektite",2.269,8,0.355834495884936
"Common","Brooder",2000,"West Little Lameshur",0.474285714285714,8,-0.323959956310221
"Common","Brooder",2000,"White Point",0.248571428571429,8,-0.604548791731656
"Common","Brooder",2000,"Yawzi",0.384,8,-0.415668775632469
"Common","Brooder",2001,"Cabritte Horn",1.42307692307692,9,0.153228376096176
"Common","Brooder",2001,"East Tektite",0.69,9,-0.161150909262745
"Common","Brooder",2001,"Europa Bay",0.575,9,-0.24033215531037
"Common","Brooder",2001,"Tektite",2.5,9,0.397940008672038
"Common","Brooder",2001,"West Little Lameshur",0.576470588235294,9,-0.239222845685779
"Common","Brooder",2001,"White Point",0.492307692307692,9,-0.30776337832295
"Common","Brooder",2001,"Yawzi",0.587,9,-0.231361898752386
"Common","Brooder",2002,"Cabritte Horn",1.55238095238095,10,0.190998305334019
"Common","Brooder",2002,"East Tektite",0.7475,10,-0.126388803003533
"Common","Brooder",2002,"Europa Bay",0.182926829268293,10,-0.737722593328035
"Common","Brooder",2002,"Tektite",2.62,10,0.418301291319745
"Common","Brooder",2002,"West Little Lameshur",0.272093023255814,10,-0.565282593833425
"Common","Brooder",2002,"White Point",1.035,10,0.0149403497929365
"Common","Brooder",2002,"Yawzi",0.833,10,-0.0793549985932124
"Common","Brooder",2003,"Cabritte Horn",1.10789473684211,11,0.04449849921886
"Common","Brooder",2003,"East Tektite",1.5975,11,0.203440866830438
"Common","Brooder",2003,"Europa Bay",0.671428571428571,11,-0.17300018207854
"Common","Brooder",2003,"Tektite",2.317,11,0.364926033789976
"Common","Brooder",2003,"West Little Lameshur",0.718918918918919,11,-0.143320087435928
"Common","Brooder",2003,"White Point",0.341025641025641,11,-0.467212966059413
"Common","Brooder",2003,"Yawzi",0.767,11,-0.115204636051019
"Common","Brooder",2004,"Cabritte Horn",1.7025641025641,12,0.231103472341518
"Common","Brooder",2004,"East Tektite",0.7075,12,-0.150273555803672
"Common","Brooder",2004,"Europa Bay",0.258974358974359,12,-0.586743233243857
"Common","Brooder",2004,"Tektite",3.133,12,0.495960394881705
"Common","Brooder",2004,"West Little Lameshur",0.747222222222222,12,-0.126550220764879
"Common","Brooder",2004,"White Point",0.570731707317073,12,-0.243567999309593
"Common","Brooder",2004,"Yawzi",0.583,12,-0.234331445240986
"Common","Brooder",2005,"Cabritte Horn",1.26388888888889,13,0.101708895889825
"Common","Brooder",2005,"East Tektite",1.4609756097561,13,0.164642965669577
"Common","Brooder",2005,"Europa Bay",0.307317073170732,13,-0.512413311602172
"Common","Brooder",2005,"Tektite",2.683,13,0.428620672671939
"Common","Brooder",2005,"West Little Lameshur",0.570731707317073,13,-0.243567999309593
"Common","Brooder",2005,"White Point",0.72,13,-0.142667503568732
"Common","Brooder",2005,"Yawzi",0.6,13,-0.221848749616356
"Common","Brooder",2006,"Cabritte Horn",0.8825,14,-0.0542852859401399
"Common","Brooder",2006,"East Tektite",1.25641025641026,14,0.0991314730020157
"Common","Brooder",2006,"Europa Bay",0.230769230769231,14,-0.636822097587174
"Common","Brooder",2006,"Tektite",1.167,14,0.0670708560453702
"Common","Brooder",2006,"West Little Lameshur",0.392307692307692,14,-0.406373176208901
"Common","Brooder",2006,"White Point",0.456410256410256,14,-0.340644604717606
"Common","Brooder",2006,"Yawzi",0.567,14,-0.246416941107093
"Common","Brooder",2007,"Cabritte Horn",1.38571428571429,15,0.141673694251989
"Common","Brooder",2007,"East Tektite",2.5275,15,0.402691164263039
"Common","Brooder",2007,"Europa Bay",0.34,15,-0.468521082957745
"Common","Brooder",2007,"Tektite",1.233,15,0.0909630765957317
"Common","Brooder",2007,"West Little Lameshur",0.455,15,-0.341988603342888
"Common","Brooder",2007,"White Point",0.748780487804878,15,-0.125645481242549
"Common","Brooder",2007,"Yawzi",0.413,15,-0.384049948343599
"Common","Brooder",2008,"Cabritte Horn",1.38292682926829,16,0.14079920217317
"Common","Brooder",2008,"East Tektite",2.51538461538462,16,0.40060440035345
"Common","Brooder",2008,"Europa Bay",0.258974358974359,16,-0.586743233243857
"Common","Brooder",2008,"Tektite",2.283,16,0.358505911490235
"Common","Brooder",2008,"West Little Lameshur",0.542105263157895,16,-0.265916376247657
"Common","Brooder",2008,"White Point",0.387179487179487,16,-0.41208765973333
"Common","Brooder",2008,"Yawzi",0.45,16,-0.346787486224656
"Common","Brooder",2009,"Cabritte Horn",1.5075,17,0.178257320812189
"Common","Brooder",2009,"East Tektite",1.795,17,0.254064452914338
"Common","Brooder",2009,"Europa Bay",0.4625,17,-0.334888262924949
"Common","Brooder",2009,"Tektite",2.883,17,0.459844642388208
"Common","Brooder",2009,"West Little Lameshur",0.69,17,-0.161150909262745
"Common","Brooder",2009,"White Point",0.4375,17,-0.359021942641668
"Common","Brooder",2009,"Yawzi",0.667,17,-0.175874166083451
"Common","Brooder",2010,"Cabritte Horn",2.165,18,0.335457900689384
"Common","Brooder",2010,"East Tektite",1.89,18,0.276461804173244
"Common","Brooder",2010,"Europa Bay",0.821052631578947,18,-0.0856290025983675
"Common","Brooder",2010,"Tektite",1.417,18,0.15136985024746
"Common","Brooder",2010,"West Little Lameshur",0.6,18,-0.221848749616356
"Common","Brooder",2010,"White Point",0.526190476190476,18,-0.27885701671279
"Common","Brooder",2010,"Yawzi",0.407,18,-0.39040559077478
"Common","Brooder",2011,"Cabritte Horn",2.0325,19,0.308030554266106
"Common","Brooder",2011,"East Tektite",1.32051282051282,19,0.120742622014692
"Common","Brooder",2011,"Europa Bay",1.03846153846154,19,0.01639041618817
"Common","Brooder",2011,"Tektite",2.543,19,0.405346360175709
"Common","Brooder",2011,"West Little Lameshur",0.585,19,-0.23284413391782
"Common","Brooder",2011,"White Point",0.65,19,-0.187086643357144
"Common","Brooder",2011,"Yawzi",0.287,19,-0.542118103266008
"Common","Brooder",2012,"Cabritte Horn",1.42954545454545,20,0.15519796895908
"Common","Brooder",2012,"East Tektite",1.38536585365854,20,0.141564478991284
"Common","Brooder",2012,"Europa Bay",0.738095238095238,20,-0.131887596563628
"Common","Brooder",2012,"Tektite",2.773,20,0.442949869577862
"Common","Brooder",2012,"West Little Lameshur",0.578947368421053,20,-0.237360915794604
"Common","Brooder",2012,"White Point",0.890243902439024,20,-0.050490992263261
"Common","Brooder",2012,"Yawzi",0.717,20,-0.1444808443322
"Common","Brooder",2013,"Cabritte Horn",0.7525,21,-0.123493495734119
"Common","Brooder",2013,"East Tektite",1.2775,21,0.10636090880675
"Common","Brooder",2013,"Europa Bay",0.7,21,-0.154901959985743
"Common","Brooder",2013,"Tektite",2.077,21,0.317436496535099
"Common","Brooder",2013,"West Little Lameshur",0.792682926829268,21,-0.100900495740861
"Common","Brooder",2013,"White Point",0.597560975609756,21,-0.223617772355203
"Common","Brooder",2013,"Yawzi",0.377,21,-0.423658649794207
"Common","Brooder",2014,"Cabritte Horn",1.3,22,0.113943352306837
"Common","Brooder",2014,"East Tektite",1.4125,22,0.149988456491476
"Common","Brooder",2014,"Europa Bay",0.525641025641026,22,-0.279310745970745
"Common","Brooder",2014,"Tektite",2.137,22,0.329804522164069
"Common","Brooder",2014,"West Little Lameshur",0.725,22,-0.139661993429006
"Common","Brooder",2014,"White Point",0.55,22,-0.259637310505756
"Common","Brooder",2014,"Yawzi",0.633,22,-0.198596289982645
"Common","Brooder",2015,"Cabritte Horn",0.95,23,-0.0222763947111523
"Common","Brooder",2015,"East Tektite",0.884615384615384,23,-0.0532455119532254
"Common","Brooder",2015,"Europa Bay",0.55,23,-0.259637310505756
"Common","Brooder",2015,"Tektite",1.817,23,0.259354927308034
"Common","Brooder",2015,"West Little Lameshur",0.671052631578948,23,-0.173243416182855
"Common","Brooder",2015,"White Point",0.710526315789474,23,-0.148419832457823
"Common","Brooder",2015,"Yawzi",0.617,23,-0.209714835966758
"Common","Brooder",2016,"Cabritte Horn",0.715384615384615,24,-0.145460403752902
"Common","Brooder",2016,"East Tektite",1.125,24,0.0511525224473813
"Common","Brooder",2016,"Europa Bay",0.594594594594595,24,-0.225779043244788
"Common","Brooder",2016,"Tektite",2.493,24,0.396722278503773
"Common","Brooder",2016,"West Little Lameshur",1.175,24,0.0700378666077551
"Common","Brooder",2016,"White Point",0.75,24,-0.1249387366083
"Common","Brooder",2016,"Yawzi",0.537,24,-0.270025714300444
"Common","Brooder",2017,"Cabritte Horn",0.802275641025641,25,-0.0956763937986871
"Common","Brooder",2017,"East Tektite",0.73125,25,-0.135934120909763
"Common","Brooder",2017,"Europa Bay",0.403778677462888,25,-0.393856618786904
"Common","Brooder",2017,"Tektite",2.32,25,0.3654879848909
"Common","Brooder",2017,"West Little Lameshur",0.363421052631579,25,-0.439589918038179
"Common","Brooder",2017,"White Point",0.551891025641025,25,-0.258146667986322
"Common","Brooder",2017,"Yawzi",0.5615,25,-0.250650239402523
"Common","Brooder",2018,"Cabritte Horn",0.8625,26,-0.0642408962546882
"Common","Brooder",2018,"East Tektite",0.595121951219512,26,-0.225394030381006
"Common","Brooder",2018,"Europa Bay",0.435897435897436,26,-0.360615685648225
"Common","Brooder",2018,"Tektite",2.737,26,0.437274797410124
"Common","Brooder",2018,"West Little Lameshur",0.792307692307692,26,-0.101106127601665
"Common","Brooder",2018,"White Point",0.43125,26,-0.365270891918669
"Common","Brooder",2018,"Yawzi",0.457,26,-0.34008379993015
"Common","Brooder",2019,"Cabritte Horn",0.9,27,-0.0457574905606751
"Common","Brooder",2019,"East Tektite",1.0275,27,0.0117818305481068
"Common","Brooder",2019,"Europa Bay",0.14,27,-0.853871964321762
"Common","Brooder",2019,"Tektite",3.077,27,0.488127496247458
"Common","Brooder",2019,"West Little Lameshur",0.497368421052632,27,-0.303321792443566
"Common","Brooder",2019,"White Point",0.628205128205128,27,-0.201898522661967
"Common","Brooder",2019,"Yawzi",0.503,27,-0.298432014944073
"Common","Brooder",2020,"Cabritte Horn",0.64,28,-0.193820026016113
"Common","Brooder",2020,"East Tektite",1.9025641025641,28,0.279339298252527
"Common","Brooder",2020,"Europa Bay",0.35,28,-0.455931955649724
"Common","Brooder",2020,"Tektite",3.603,28,0.556664262122568
"Common","Brooder",2020,"West Little Lameshur",0.385,28,-0.414539270491499
"Common","Brooder",2020,"White Point",0.505,28,-0.296708621881339
"Common","Brooder",2020,"Yawzi",0.617,28,-0.209714835966758
"Common","Brooder",2021,"Cabritte Horn",0.85,29,-0.0705810742857073
"Common","Brooder",2021,"East Tektite",1.855,29,0.268343913951065
"Common","Brooder",2021,"Europa Bay",0.535,29,-0.271646217978772
"Common","Brooder",2021,"Tektite",4.177,29,0.620864475265121
"Common","Brooder",2021,"West Little Lameshur",0.1,29,-1
"Common","Brooder",2021,"White Point",0.904878048780488,29,-0.0434099471046895
"Common","Brooder",2021,"Yawzi",0.65,29,-0.187086643357144
"Common","Brooder",2022,"Cabritte Horn",0.492307692307692,30,-0.30776337832295
"Common","Brooder",2022,"East Tektite",1.69230769230769,30,0.228479328515369
"Common","Brooder",2022,"Europa Bay",0.6425,30,-0.192126867996668
"Common","Brooder",2022,"Tektite",3.95,30,0.59659709562646
"Common","Brooder",2022,"West Little Lameshur",0.592307692307692,30,-0.227452627134355
"Common","Brooder",2022,"White Point",1.13947368421053,30,0.0567042997365567
"Common","Brooder",2022,"Yawzi",1.09,30,0.0374264979406237
"Common","Brooder",2023,"Cabritte Horn",0.545,31,-0.263603497723358
"Common","Brooder",2023,"East Tektite",2.16944444444444,31,0.336348533110012
"Common","Brooder",2023,"Europa Bay",0.425,31,-0.371611069949688
"Common","Brooder",2023,"Tektite",3.334,31,0.522965595491987
"Common","Brooder",2023,"West Little Lameshur",0.33,31,-0.481486060122112
"Common","Brooder",2023,"White Point",0.966666666666667,31,-0.0147232568207062
"Common","Brooder",2023,"Yawzi",0.812,31,-0.0904439707588247
"Rare","Broadcaster",1992,"Cabritte Horn",0.0986928104575164,0,-1.00571448352443
"Rare","Broadcaster",1992,"East Tektite",0.132679738562091,0,-0.877195392904386
"Rare","Broadcaster",1992,"Europa Bay",0.00326797385620914,0,-2.48572142648158
"Rare","Broadcaster",1992,"Tektite",0.3815,0,-0.418505457709101
"Rare","Broadcaster",1992,"West Little Lameshur",0.0183823529411765,0,-1.73559889969818
"Rare","Broadcaster",1992,"White Point",0.0470588235294117,0,-1.32735893438633
"Rare","Broadcaster",1992,"Yawzi",0.015625,0,-1.80617997398389
"Rare","Broadcaster",1993,"Cabritte Horn",0.201388888888889,1,-0.695964494196293
"Rare","Broadcaster",1993,"East Tektite",0.300653594771241,1,-0.521933599136025
"Rare","Broadcaster",1993,"Tektite",0.41225,1,-0.384839335683444
"Rare","Broadcaster",1993,"West Little Lameshur",0.0220588235294118,1,-1.65641765365056
"Rare","Broadcaster",1993,"White Point",0.115277777777778,1,-0.938254404055195
"Rare","Broadcaster",1993,"Yawzi",0.02925,1,-1.5338741295818
"Rare","Broadcaster",1994,"Cabritte Horn",0.0561728395061728,2,-1.25047362222154
"Rare","Broadcaster",1994,"East Tektite",0.207407407407407,2,-0.683175737152787
"Rare","Broadcaster",1994,"Europa Bay",0.00308641975308642,2,-2.51054501020661
"Rare","Broadcaster",1994,"Tektite",0.365375,2,-0.437261171634507
"Rare","Broadcaster",1994,"West Little Lameshur",0.01171875,2,-1.93111871059219
"Rare","Broadcaster",1994,"Yawzi",0.01925,2,-1.71556926615548
"Rare","Broadcaster",1995,"Cabritte Horn",0.0228758169934641,3,-1.64062338646732
"Rare","Broadcaster",1995,"East Tektite",0.116339869281046,3,-0.934271428508705
"Rare","Broadcaster",1995,"Europa Bay",0.00653594771241829,3,-2.1846914308176
"Rare","Broadcaster",1995,"Tektite",0.51625,3,-0.287139935335543
"Rare","Broadcaster",1995,"West Little Lameshur",0.1125,3,-0.948847477552619
"Rare","Broadcaster",1995,"White Point",0.250980392156863,3,-0.600360206450067
"Rare","Broadcaster",1995,"Yawzi",0.01675,3,-1.77598518862714
"Rare","Broadcaster",1996,"Cabritte Horn",0.0588235294117647,4,-1.23044892137827
"Rare","Broadcaster",1996,"East Tektite",0.0844444444444445,4,-1.07342891715853
"Rare","Broadcaster",1996,"Tektite",0.397,4,-0.401209493236885
"Rare","Broadcaster",1996,"West Little Lameshur",0.428947368421052,4,-0.367595992212853
"Rare","Broadcaster",1996,"White Point",0.144444444444444,4,-0.840299157132488
"Rare","Broadcaster",1996,"Yawzi",0.029625,4,-1.52834164098184
"Rare","Broadcaster",1997,"East Tektite",0.0450617283950618,5,-1.34619215442217
"Rare","Broadcaster",1997,"Europa Bay",0.0388888888888889,5,-1.41017446508905
"Rare","Broadcaster",1997,"Tektite",0.28325,5,-0.547830081464565
"Rare","Broadcaster",1997,"West Little Lameshur",0.220394736842105,5,-0.656798780907928
"Rare","Broadcaster",1997,"White Point",0.0875,5,-1.05799194697769
"Rare","Broadcaster",1997,"Yawzi",0.0395,5,-1.40340290437354
"Rare","Broadcaster",1998,"Cabritte Horn",0.0833333333333333,6,-1.07918124604762
"Rare","Broadcaster",1998,"East Tektite",0.212418300653595,6,-0.672808069838724
"Rare","Broadcaster",1998,"Europa Bay",0.0065359477124183,6,-2.1846914308176
"Rare","Broadcaster",1998,"Tektite",0.36875,6,-0.433267971013781
"Rare","Broadcaster",1998,"West Little Lameshur",0.154411764705882,6,-0.811319613636298
"Rare","Broadcaster",1998,"White Point",0.0868055555555555,6,-1.06145247908719
"Rare","Broadcaster",1998,"Yawzi",0.010375,6,-1.98401189461587
"Rare","Broadcaster",1999,"Cabritte Horn",0.141176470588235,7,-0.850237679666669
"Rare","Broadcaster",1999,"East Tektite",0.262962962962963,7,-0.580105415439913
"Rare","Broadcaster",1999,"Europa Bay",0.0686274509803922,7,-1.16350213174766
"Rare","Broadcaster",1999,"Tektite",1.391625,7,0.143522222076502
"Rare","Broadcaster",1999,"West Little Lameshur",0.00735294117647059,7,-2.13353890837022
"Rare","Broadcaster",1999,"White Point",0.0138888888888889,7,-1.85733249643127
"Rare","Broadcaster",1999,"Yawzi",0.010625,7,-1.97367106127765
"Rare","Broadcaster",2000,"Cabritte Horn",0.206535947712418,8,-0.685004348199195
"Rare","Broadcaster",2000,"East Tektite",0.146604938271605,8,-0.833851400581745
"Rare","Broadcaster",2000,"Tektite",0.39,8,-0.408935392973501
"Rare","Broadcaster",2000,"West Little Lameshur",0.0146428571428572,8,-1.83437417462248
"Rare","Broadcaster",2000,"White Point",0.115238095238095,8,-0.938403928753488
"Rare","Broadcaster",2000,"Yawzi",0.002125,8,-2.67264106561367
"Rare","Broadcaster",2001,"Cabritte Horn",0.37065527065527,9,-0.431029819904238
"Rare","Broadcaster",2001,"East Tektite",0.0872222222222222,9,-1.05937285269407
"Rare","Broadcaster",2001,"Europa Bay",0.00416666666666667,9,-2.38021124171161
"Rare","Broadcaster",2001,"Tektite",0.41675,9,-0.380124391499957
"Rare","Broadcaster",2001,"West Little Lameshur",0.0816176470588235,9,-1.08821592958356
"Rare","Broadcaster",2001,"White Point",0.0569800569800569,9,-1.24427712080184
"Rare","Broadcaster",2002,"Cabritte Horn",0.275132275132275,10,-0.560458460538446
"Rare","Broadcaster",2002,"East Tektite",0.250277777777778,10,-0.601577709788224
"Rare","Broadcaster",2002,"Europa Bay",0.0097560975609756,10,-2.01072386539177
"Rare","Broadcaster",2002,"Tektite",0.450375,10,-0.346425724869375
"Rare","Broadcaster",2002,"West Little Lameshur",0.0299418604651163,10,-1.52372121786636
"Rare","Broadcaster",2002,"White Point",0.0444444444444444,10,-1.35218251811136
"Rare","Broadcaster",2003,"Cabritte Horn",0.483333333333333,11,-0.315753252484687
"Rare","Broadcaster",2003,"East Tektite",0.116111111111111,11,-0.935126218992252
"Rare","Broadcaster",2003,"Europa Bay",0.0177777777777778,11,-1.7501225267834
"Rare","Broadcaster",2003,"Tektite",0.5875,11,-0.230992129056226
"Rare","Broadcaster",2003,"West Little Lameshur",0.0206081081081081,11,-1.68596187604817
"Rare","Broadcaster",2003,"White Point",0.0635327635327636,11,-1.19700225341766
"Rare","Broadcaster",2003,"Yawzi",0.008375,11,-2.07701518429112
"Rare","Broadcaster",2004,"Cabritte Horn",0.323931623931624,12,-0.489546651778089
"Rare","Broadcaster",2004,"East Tektite",0.130277777777778,12,-0.885129658052204
"Rare","Broadcaster",2004,"Europa Bay",0.0056980056980057,12,-2.24427712080184
"Rare","Broadcaster",2004,"Tektite",0.489625,12,-0.310136415444078
"Rare","Broadcaster",2004,"West Little Lameshur",0.0475694444444445,12,-1.32267192060282
"Rare","Broadcaster",2004,"White Point",0.0693766937669377,12,-1.15878640084721
"Rare","Broadcaster",2004,"Yawzi",0.023,12,-1.63827216398241
"Rare","Broadcaster",2005,"Cabritte Horn",0.0799382716049383,13,-1.09724524612536
"Rare","Broadcaster",2005,"East Tektite",0.202981029810298,13,-0.692544548459594
"Rare","Broadcaster",2005,"Europa Bay",0.0192411924119241,13,-1.71576801743999
"Rare","Broadcaster",2005,"Tektite",0.447875,13,-0.348843178825833
"Rare","Broadcaster",2005,"West Little Lameshur",0.0179878048780488,13,-1.74502183206954
"Rare","Broadcaster",2005,"White Point",0.0375,13,-1.42596873227228
"Rare","Broadcaster",2005,"Yawzi",0.002125,13,-2.67264106561367
"Rare","Broadcaster",2006,"Cabritte Horn",0.388888888888889,14,-0.410174465089049
"Rare","Broadcaster",2006,"East Tektite",0.116809116809117,14,-0.932523259746089
"Rare","Broadcaster",2006,"Europa Bay",0.0156695156695157,14,-1.80494442697158
"Rare","Broadcaster",2006,"Tektite",0.164625,14,-0.78350421203016
"Rare","Broadcaster",2006,"West Little Lameshur",0.0346153846153846,14,-1.46073083853149
"Rare","Broadcaster",2006,"White Point",0.0438746438746439,14,-1.35778639562936
"Rare","Broadcaster",2006,"Yawzi",0.010375,14,-1.98401189461587
"Rare","Broadcaster",2007,"Cabritte Horn",0.0692063492063492,15,-1.159854060185
"Rare","Broadcaster",2007,"East Tektite",0.0986111111111111,15,-1.00607414771219
"Rare","Broadcaster",2007,"Europa Bay",0.0241666666666667,15,-1.61678324814867
"Rare","Broadcaster",2007,"Tektite",0.147875,15,-0.830105242364013
"Rare","Broadcaster",2007,"West Little Lameshur",0.031875,15,-1.49654980655799
"Rare","Broadcaster",2007,"White Point",0.0669376693766938,15,-1.17432941289939
"Rare","Broadcaster",2007,"Yawzi",0.055,15,-1.25963731050576
"Rare","Broadcaster",2008,"Cabritte Horn",0.0593495934959349,16,-1.22658225131894
"Rare","Broadcaster",2008,"East Tektite",0.117094017094017,16,-0.931465294589755
"Rare","Broadcaster",2008,"Europa Bay",0.0165242165242165,16,-1.78187912290289
"Rare","Broadcaster",2008,"Tektite",0.181625,16,-0.740824372693922
"Rare","Broadcaster",2008,"West Little Lameshur",0.0532894736842105,16,-1.27335856906612
"Rare","Broadcaster",2008,"White Point",0.0623931623931624,16,-1.20486300162571
"Rare","Broadcaster",2008,"Yawzi",0.0125,16,-1.90308998699194
"Rare","Broadcaster",2009,"Cabritte Horn",0.0513888888888889,17,-1.28913077236427
"Rare","Broadcaster",2009,"East Tektite",0.0772222222222222,17,-1.11225770484921
"Rare","Broadcaster",2009,"Europa Bay",0.0305555555555556,17,-1.51490981560906
"Rare","Broadcaster",2009,"Tektite",0.271125,17,-0.56683043497775
"Rare","Broadcaster",2009,"West Little Lameshur",0.0125,17,-1.90308998699194
"Rare","Broadcaster",2009,"White Point",0.0827777777777778,17,-1.08208623669103
"Rare","Broadcaster",2009,"Yawzi",0.016625,17,-1.77923834602486
"Rare","Broadcaster",2010,"Cabritte Horn",0.247222222222222,18,-0.606912494122374
"Rare","Broadcaster",2010,"East Tektite",0.0972222222222222,18,-1.01223445641701
"Rare","Broadcaster",2010,"Europa Bay",0.00584795321637427,18,-2.23299611039215
"Rare","Broadcaster",2010,"Tektite",0.092875,18,-1.03210117323137
"Rare","Broadcaster",2010,"West Little Lameshur",0.0175,18,-1.75696195131371
"Rare","Broadcaster",2010,"White Point",0.0629629629629629,18,-1.20091484278071
"Rare","Broadcaster",2010,"Yawzi",0.02925,18,-1.5338741295818
"Rare","Broadcaster",2011,"Cabritte Horn",0.317222222222222,19,-0.498636396857458
"Rare","Broadcaster",2011,"East Tektite",0.0712250712250712,19,-1.14736710779379
"Rare","Broadcaster",2011,"Europa Bay",0.00997150997150997,19,-2.00123907211555
"Rare","Broadcaster",2011,"Tektite",0.190875,19,-0.719250949935522
"Rare","Broadcaster",2011,"West Little Lameshur",0.073125,19,-1.13593412090976
"Rare","Broadcaster",2011,"White Point",0.0625,19,-1.20411998265592
"Rare","Broadcaster",2011,"Yawzi",0.004125,19,-2.38457604711406
"Rare","Broadcaster",2012,"Cabritte Horn",0.447474747474748,20,-0.34923146837448
"Rare","Broadcaster",2012,"East Tektite",0.112466124661247,20,-0.948978269446968
"Rare","Broadcaster",2012,"Europa Bay",0.112433862433862,20,-0.949102869786914
"Rare","Broadcaster",2012,"Tektite",0.230875,20,-0.636623091551702
"Rare","Broadcaster",2012,"West Little Lameshur",0.0213815789473684,20,-1.6699602269659
"Rare","Broadcaster",2012,"White Point",0.10650406504065,20,-0.972633815783633
"Rare","Broadcaster",2012,"Yawzi",0.033375,20,-1.47657872562737
"Rare","Broadcaster",2013,"Cabritte Horn",0.139166666666667,21,-0.856464774900042
"Rare","Broadcaster",2013,"East Tektite",0.140277777777778,21,-0.853011122648626
"Rare","Broadcaster",2013,"Europa Bay",0.0486111111111111,21,-1.31326445208099
"Rare","Broadcaster",2013,"Tektite",0.2605,21,-0.584192272364457
"Rare","Broadcaster",2013,"West Little Lameshur",0.0304878048780488,21,-1.51587384371168
"Rare","Broadcaster",2013,"White Point",0.121951219512195,21,-0.913813852383717
"Rare","Broadcaster",2013,"Yawzi",0.02075,21,-1.68298189895189
"Rare","Broadcaster",2014,"Cabritte Horn",0.0625,22,-1.20411998265592
"Rare","Broadcaster",2014,"East Tektite",0.0986111111111111,22,-1.00607414771219
"Rare","Broadcaster",2014,"Europa Bay",0.0242165242165243,22,-1.61588819075153
"Rare","Broadcaster",2014,"Tektite",0.312125,22,-0.505671444640596
"Rare","Broadcaster",2014,"West Little Lameshur",0.0125,22,-1.90308998699194
"Rare","Broadcaster",2014,"White Point",0.0752777777777778,22,-1.12333320989288
"Rare","Broadcaster",2014,"Yawzi",0.010375,22,-1.98401189461587
"Rare","Broadcaster",2015,"Cabritte Horn",0.0708333333333333,23,-1.14976232033333
"Rare","Broadcaster",2015,"East Tektite",0.0498575498575498,23,-1.30226906777953
"Rare","Broadcaster",2015,"Europa Bay",0.0194444444444444,23,-1.71120446075303
"Rare","Broadcaster",2015,"Tektite",0.33975,23,-0.468840534595468
"Rare","Broadcaster",2015,"West Little Lameshur",0.0164473684210526,23,-1.78390357927273
"Rare","Broadcaster",2015,"White Point",0.160818713450292,23,-0.793663416561892
"Rare","Broadcaster",2015,"Yawzi",0.029125,23,-1.53573406596592
"Rare","Broadcaster",2016,"Cabritte Horn",0.117948717948718,24,-0.928306775344925
"Rare","Broadcaster",2016,"East Tektite",0.0983333333333333,24,-1.0072992387415
"Rare","Broadcaster",2016,"Europa Bay",0.0660660660660661,24,-1.18002155268411
"Rare","Broadcaster",2016,"Tektite",0.366625,24,-0.435777924011391
"Rare","Broadcaster",2016,"West Little Lameshur",0.01875,24,-1.72699872793626
"Rare","Broadcaster",2016,"White Point",0.0774853801169591,24,-1.11078023211933
"Rare","Broadcaster",2016,"Yawzi",0.0275,24,-1.56066730616974
"Rare","Broadcaster",2017,"Cabritte Horn",0.116965811965812,25,-0.93194106000002
"Rare","Broadcaster",2017,"East Tektite",0.0594444444444444,25,-1.2258887274181
"Rare","Broadcaster",2017,"Europa Bay",0.0191445494077073,25,-1.71795485089108
"Rare","Broadcaster",2017,"Tektite",0.4049375,25,-0.392612002710598
"Rare","Broadcaster",2017,"West Little Lameshur",0.00985197368421053,25,-2.00647675688342
"Rare","Broadcaster",2017,"White Point",0.0587678062678063,25,-1.23086052067863
"Rare","Broadcaster",2017,"Yawzi",0.015625,25,-1.80617997398389
"Rare","Broadcaster",2018,"Cabritte Horn",0.0472222222222222,26,-1.32585357938901
"Rare","Broadcaster",2018,"East Tektite",0.111924119241192,26,-0.951076314502659
"Rare","Broadcaster",2018,"Europa Bay",0.031054131054131,26,-1.5078806185252
"Rare","Broadcaster",2018,"Tektite",0.3095,26,-0.509339346643863
"Rare","Broadcaster",2018,"West Little Lameshur",0.0211538461538461,26,-1.67461065847657
"Rare","Broadcaster",2018,"White Point",0.0958333333333333,26,-1.01848340569401
"Rare","Broadcaster",2018,"Yawzi",0.008375,26,-2.07701518429112
"Rare","Broadcaster",2019,"Cabritte Horn",0.148509485094851,27,-0.828245807674691
"Rare","Broadcaster",2019,"East Tektite",0.0316666666666667,27,-1.49939764943081
"Rare","Broadcaster",2019,"Europa Bay",0.0186111111111111,27,-1.73022769806646
"Rare","Broadcaster",2019,"Tektite",0.35475,27,-0.450077595870488
"Rare","Broadcaster",2019,"West Little Lameshur",0.00164473684210526,27,-2.78390357927274
"Rare","Broadcaster",2019,"White Point",0.0632478632478632,27,-1.19895414201519
"Rare","Broadcaster",2019,"Yawzi",0.0125,27,-1.90308998699194
"Rare","Broadcaster",2020,"Cabritte Horn",0.0483333333333333,28,-1.31575325248469
"Rare","Broadcaster",2020,"East Tektite",0.123076923076923,28,-0.909823369650912
"Rare","Broadcaster",2020,"Europa Bay",0.0161111111111111,28,-1.79287450720435
"Rare","Broadcaster",2020,"Tektite",0.15125,28,-0.820304616675493
"Rare","Broadcaster",2020,"West Little Lameshur",0.0015625,28,-2.80617997398389
"Rare","Broadcaster",2020,"White Point",0.0583333333333333,28,-1.23408320603337
"Rare","Broadcaster",2020,"Yawzi",0.00825,28,-2.08354605145007
"Rare","Broadcaster",2021,"Cabritte Horn",0.0341269841269841,29,-1.46690208953798
"Rare","Broadcaster",2021,"East Tektite",0.0955555555555555,29,-1.01974405819576
"Rare","Broadcaster",2021,"Europa Bay",0.0144444444444444,29,-1.84029915713249
"Rare","Broadcaster",2021,"Tektite",0.029625,29,-1.52834164098184
"Rare","Broadcaster",2021,"West Little Lameshur",0.0128125,29,-1.89236612160017
"Rare","Broadcaster",2021,"White Point",0.0829268292682927,29,-1.08130493967748
"Rare","Broadcaster",2021,"Yawzi",0.00625,29,-2.20411998265592
"Rare","Broadcaster",2022,"Cabritte Horn",0.0729344729344729,30,-1.13706715115397
"Rare","Broadcaster",2022,"East Tektite",0.13931623931624,30,-0.855998257342202
"Rare","Broadcaster",2022,"Europa Bay",0.00444444444444444,30,-2.35218251811136
"Rare","Broadcaster",2022,"Tektite",0.023375,30,-1.63124838045544
"Rare","Broadcaster",2022,"White Point",0.0301169590643275,30,-1.52118888135096
"Rare","Broadcaster",2022,"Yawzi",0.010375,30,-1.98401189461587
"Rare","Broadcaster",2023,"Cabritte Horn",0.0172222222222222,31,-1.76391081126903
"Rare","Broadcaster",2023,"East Tektite",0.0817901234567902,31,-1.0872991362698
"Rare","Broadcaster",2023,"Europa Bay",0.00833333333333333,31,-2.07918124604762
"Rare","Broadcaster",2023,"Tektite",0.031375,31,-1.50341626551091
"Rare","Broadcaster",2023,"West Little Lameshur",0.0015625,31,-2.80617997398389
"Rare","Broadcaster",2023,"White Point",0.0566137566137566,31,-1.24707802648803
"Rare","Broadcaster",2023,"Yawzi",0.01075,31,-1.96859153574838
"Rare","Brooder",1992,"Cabritte Horn",0.384705882352942,0,-0.414871173054006
"Rare","Brooder",1992,"East Tektite",0.0661764705882353,0,-1.17929639893089
"Rare","Brooder",1992,"Europa Bay",0.0220588235294117,0,-1.65641765365056
"Rare","Brooder",1992,"Tektite",0.1482,0,-0.829151796356691
"Rare","Brooder",1992,"White Point",0.00735294117647058,0,-2.13353890837022
"Rare","Brooder",1993,"Cabritte Horn",0.2525,1,-0.59773861754532
"Rare","Brooder",1993,"East Tektite",0.088235294117647,1,-1.05435766232259
"Rare","Brooder",1993,"Tektite",0.3802,1,-0.419987887470576
"Rare","Brooder",1993,"West Little Lameshur",0.00735294117647057,1,-2.13353890837022
"Rare","Brooder",1993,"White Point",0.1703125,1,-0.768753476043263
"Rare","Brooder",1993,"Yawzi",0.0333333333333333,1,-1.47712125471966
"Rare","Brooder",1994,"Cabritte Horn",0.331111111111112,2,-0.480026245363068
"Rare","Brooder",1994,"East Tektite",0.181944444444445,2,-0.740061200775504
"Rare","Brooder",1994,"Europa Bay",0.0208333333333333,2,-1.68124123737559
"Rare","Brooder",1994,"Tektite",0.3466,2,-0.460171441622102
"Rare","Brooder",1994,"West Little Lameshur",0.03125,2,-1.50514997831991
"Rare","Brooder",1994,"White Point",0.0390625,2,-1.40823996531185
"Rare","Brooder",1994,"Yawzi",0.0833333333333333,2,-1.07918124604762
"Rare","Brooder",1995,"Cabritte Horn",0.551764705882353,3,-0.258246082999209
"Rare","Brooder",1995,"East Tektite",0.194117647058824,3,-0.711934981500386
"Rare","Brooder",1995,"Europa Bay",0.00735294117647057,3,-2.13353890837022
"Rare","Brooder",1995,"Tektite",0.4194,3,-0.377371573870675
"Rare","Brooder",1995,"West Little Lameshur",0.036764705882353,3,-1.4345689040342
"Rare","Brooder",1995,"White Point",0.126470588235294,3,-0.898010461462669
"Rare","Brooder",1995,"Yawzi",0.061,3,-1.21467016498923
"Rare","Brooder",1996,"Cabritte Horn",0.217647058823528,4,-0.662247197311281
"Rare","Brooder",1996,"East Tektite",0.1025,4,-0.989276134608227
"Rare","Brooder",1996,"Tektite",0.2846,4,-0.545765104251734
"Rare","Brooder",1996,"White Point",0.0147058823529412,4,-1.83250891270624
"Rare","Brooder",1996,"Yawzi",0.0166666666666667,4,-1.77815125038364
"Rare","Brooder",1997,"Cabritte Horn",0.298823529411764,5,-0.524585209094356
"Rare","Brooder",1997,"East Tektite",0.0569444444444445,5,-1.24454863971153
"Rare","Brooder",1997,"Europa Bay",0.0375,5,-1.42596873227228
"Rare","Brooder",1997,"Tektite",0.21,5,-0.677780705266081
"Rare","Brooder",1997,"West Little Lameshur",0.0263157894736843,5,-1.57978359661681
"Rare","Brooder",1997,"White Point",0.0078125,5,-2.10720996964787
"Rare","Brooder",1998,"Cabritte Horn",0.16875,6,-0.772756218496937
"Rare","Brooder",1998,"East Tektite",0.0808823529411765,6,-1.09214622321199
"Rare","Brooder",1998,"Europa Bay",0.0220588235294118,6,-1.65641765365055
"Rare","Brooder",1998,"Tektite",0.254,6,-0.595166283380062
"Rare","Brooder",1998,"White Point",0.109375,6,-0.96108193396963
"Rare","Brooder",1999,"Cabritte Horn",0.0470588235294118,7,-1.32735893438633
"Rare","Brooder",1999,"East Tektite",0.00694444444444445,7,-2.15836249209525
"Rare","Brooder",1999,"Tektite",0.17,7,-0.769551078621726
"Rare","Brooder",1999,"White Point",0.015625,7,-1.80617997398389
"Rare","Brooder",2000,"Cabritte Horn",0.135882352941176,8,-0.86683694148613
"Rare","Brooder",2000,"East Tektite",0.0395833333333332,8,-1.40248763642276
"Rare","Brooder",2000,"Europa Bay",0.00337837837837838,8,-2.47129171105894
"Rare","Brooder",2000,"Tektite",0.0766,8,-1.1157712303674
"Rare","Brooder",2000,"White Point",0.00357142857142858,8,-2.44715803134222
"Rare","Brooder",2001,"Cabritte Horn",0.187179487179487,9,-0.727741746906043
"Rare","Brooder",2001,"East Tektite",0.064375,9,-1.19128275795075
"Rare","Brooder",2001,"Tektite",0.0566,9,-1.24718356881173
"Rare","Brooder",2001,"White Point",0.0224358974358974,9,-1.64905655400419
"Rare","Brooder",2002,"Cabritte Horn",0.0961904761904762,10,-1.0168679252873
"Rare","Brooder",2002,"East Tektite",0.081875,10,-1.08684868700016
"Rare","Brooder",2002,"Europa Bay",0.00609756097560975,10,-2.2148438480477
"Rare","Brooder",2002,"Tektite",0.1846,10,-0.733768303310107
"Rare","Brooder",2002,"West Little Lameshur",0.0209302325581395,10,-1.67922594614026
"Rare","Brooder",2002,"White Point",0.051875,10,-1.28504189027985
"Rare","Brooder",2003,"Cabritte Horn",0.19,11,-0.721246399047171
"Rare","Brooder",2003,"East Tektite",0.12,11,-0.920818753952375
"Rare","Brooder",2003,"Europa Bay",0.00714285714285715,11,-2.14612803567824
"Rare","Brooder",2003,"Tektite",0.24,11,-0.619788758288394
"Rare","Brooder",2003,"West Little Lameshur",0.0851351351351352,11,-1.06989117027739
"Rare","Brooder",2003,"White Point",0.082051282051282,11,-1.08591462870659
"Rare","Brooder",2003,"Yawzi",0.0223333333333333,11,-1.65104645201884
"Rare","Brooder",2004,"Cabritte Horn",0.341538461538462,12,-0.466560382192216
"Rare","Brooder",2004,"East Tektite",0.065625,12,-1.18293068358599
"Rare","Brooder",2004,"Europa Bay",0.0032051282051282,12,-2.49415459401844
"Rare","Brooder",2004,"Tektite",0.1234,12,-0.908684840302777
"Rare","Brooder",2004,"West Little Lameshur",0.0388888888888889,12,-1.41017446508905
"Rare","Brooder",2004,"White Point",0.0743902439024391,12,-1.12848401737295
"Rare","Brooder",2005,"Cabritte Horn",0.463333333333333,13,-0.334106454465568
"Rare","Brooder",2005,"East Tektite",0.220731707317073,13,-0.656135277514532
"Rare","Brooder",2005,"Europa Bay",0.00914634146341462,13,-2.03875258899202
"Rare","Brooder",2005,"Tektite",0.25,13,-0.602059991327962
"Rare","Brooder",2005,"West Little Lameshur",0.025609756097561,13,-1.5915945576498
"Rare","Brooder",2005,"White Point",0.05125,13,-1.29030613027221
"Rare","Brooder",2005,"Yawzi",0.0276666666666667,13,-1.55804316234359
"Rare","Brooder",2006,"Tektite",0.0034,14,-2.46852108295774
"Rare","Brooder",2006,"West Little Lameshur",0.0128205128205128,14,-1.89209460269048
"Rare","Brooder",2006,"White Point",0.0032051282051282,14,-2.49415459401844
"Rare","Brooder",2007,"Cabritte Horn",0.0131428571428571,15,-1.8813102126687
"Rare","Brooder",2007,"East Tektite",0.015625,15,-1.80617997398389
"Rare","Brooder",2007,"Europa Bay",0.00625,15,-2.20411998265592
"Rare","Brooder",2007,"Tektite",0.0134,15,-1.87289520163519
"Rare","Brooder",2007,"West Little Lameshur",0.006875,15,-2.1627272974977
"Rare","Brooder",2007,"White Point",0.00609756097560975,15,-2.2148438480477
"Rare","Brooder",2008,"Cabritte Horn",0.0419512195121952,16,-1.37725540981219
"Rare","Brooder",2008,"East Tektite",0.0307692307692308,16,-1.51188336097887
"Rare","Brooder",2008,"Europa Bay",0.0096153846153846,16,-2.01703333929878
"Rare","Brooder",2008,"Tektite",0.0166,16,-1.77989191195995
"Rare","Brooder",2008,"West Little Lameshur",0.00986842105263157,16,-2.00575232888909
"Rare","Brooder",2008,"White Point",0.0166666666666667,16,-1.77815125038364
"Rare","Brooder",2008,"Yawzi",0.017,16,-1.76955107862173
"Rare","Brooder",2009,"Cabritte Horn",0.0585,17,-1.23284413391782
"Rare","Brooder",2009,"East Tektite",0.056875,17,-1.24507859033483
"Rare","Brooder",2009,"Europa Bay",0.025,17,-1.60205999132796
"Rare","Brooder",2009,"Tektite",0.1466,17,-0.833866029694891
"Rare","Brooder",2009,"West Little Lameshur",0.003125,17,-2.50514997831991
"Rare","Brooder",2009,"White Point",0.015625,17,-1.80617997398389
"Rare","Brooder",2009,"Yawzi",0.00566666666666667,17,-2.24667233334139
"Rare","Brooder",2010,"Cabritte Horn",0.0725,18,-1.13966199342901
"Rare","Brooder",2010,"East Tektite",0.04375,18,-1.35902194264167
"Rare","Brooder",2010,"Europa Bay",0.0335526315789473,18,-1.47427341184684
"Rare","Brooder",2010,"Tektite",0.05,18,-1.30102999566398
"Rare","Brooder",2010,"West Little Lameshur",0.009375,18,-2.02802872360024
"Rare","Brooder",2010,"White Point",0.0178571428571428,18,-1.7481880270062
"Rare","Brooder",2011,"Cabritte Horn",0.1135,19,-0.945004138470859
"Rare","Brooder",2011,"East Tektite",0.0352564102564102,19,-1.45276190886022
"Rare","Brooder",2011,"Europa Bay",0.0416666666666666,19,-1.38021124171161
"Rare","Brooder",2011,"Tektite",0.04,19,-1.39794000867204
"Rare","Brooder",2011,"West Little Lameshur",0.015625,19,-1.80617997398389
"Rare","Brooder",2011,"White Point",0.02625,19,-1.58087069225802
"Rare","Brooder",2011,"Yawzi",0.00566666666666667,19,-2.24667233334139
"Rare","Brooder",2012,"Cabritte Horn",0.382727272727273,20,-0.417110589322557
"Rare","Brooder",2012,"East Tektite",0.172560975609756,20,-0.763057412523408
"Rare","Brooder",2012,"Tektite",0.0732,20,-1.13548891894161
"Rare","Brooder",2012,"White Point",0.0548780487804878,20,-1.26060133860837
"Rare","Brooder",2012,"Yawzi",0.011,20,-1.95860731484178
"Rare","Brooder",2013,"Cabritte Horn",0.0905,21,-1.0433514207948
"Rare","Brooder",2013,"East Tektite",0.066875,21,-1.17473620497072
"Rare","Brooder",2013,"Europa Bay",0.01875,21,-1.72699872793626
"Rare","Brooder",2013,"Tektite",0.0586,21,-1.23210238398191
"Rare","Brooder",2013,"West Little Lameshur",0.00304878048780487,21,-2.51587384371168
"Rare","Brooder",2013,"White Point",0.0670731707317074,21,-1.17345116288947
"Rare","Brooder",2014,"Cabritte Horn",0.1475,22,-0.831207979685818
"Rare","Brooder",2014,"East Tektite",0.1,22,-1
"Rare","Brooder",2014,"Europa Bay",0.0416666666666668,22,-1.3802112417116
"Rare","Brooder",2014,"Tektite",0.0928,22,-1.03245202378114
"Rare","Brooder",2014,"West Little Lameshur",0.0125,22,-1.90308998699194
"Rare","Brooder",2014,"White Point",0.065625,22,-1.18293068358599
"Rare","Brooder",2014,"Yawzi",0.0443333333333333,22,-1.35326961375258
"Rare","Brooder",2015,"Cabritte Horn",0.0825,23,-1.08354605145007
"Rare","Brooder",2015,"East Tektite",0.0993589743589744,23,-1.00279290018417
"Rare","Brooder",2015,"Europa Bay",0.028125,23,-1.55090746888058
"Rare","Brooder",2015,"Tektite",0.0768,23,-1.11463877996849
"Rare","Brooder",2015,"White Point",0.118421052631579,23,-0.926571082841466
"Rare","Brooder",2015,"Yawzi",0.011,23,-1.95860731484178
"Rare","Brooder",2016,"Cabritte Horn",0.121025641025641,24,-0.917122608392411
"Rare","Brooder",2016,"East Tektite",0.12625,24,-0.898768613209301
"Rare","Brooder",2016,"Europa Bay",0.0439189189189188,24,-1.3573483587521
"Rare","Brooder",2016,"Tektite",0.0766,24,-1.1157712303674
"Rare","Brooder",2016,"West Little Lameshur",0.0125,24,-1.90308998699194
"Rare","Brooder",2016,"White Point",0.0427631578947368,24,-1.36893023130192
"Rare","Brooder",2016,"Yawzi",0.0276666666666667,24,-1.55804316234359
"Rare","Brooder",2017,"Cabritte Horn",0.0822948717948718,25,-1.0846272270062
"Rare","Brooder",2017,"East Tektite",0.09875,25,-1.0054628957015
"Rare","Brooder",2017,"Europa Bay",0.0242071524966261,25,-1.61605629390126
"Rare","Brooder",2017,"Tektite",0.0593,25,-1.22694530663574
"Rare","Brooder",2017,"West Little Lameshur",0.0103125,25,-1.98663603844202
"Rare","Brooder",2017,"White Point",0.0454086538461539,25,-1.34286137270491
"Rare","Brooder",2017,"Yawzi",0.00566666666666667,25,-2.24667233334139
"Rare","Brooder",2018,"Cabritte Horn",0.0925,26,-1.03385826726097
"Rare","Brooder",2018,"East Tektite",0.0932926829268293,26,-1.0301524172301
"Rare","Brooder",2018,"Europa Bay",0.0493589743589744,26,-1.30663387318198
"Rare","Brooder",2018,"Tektite",0.0946,26,-1.02410886359821
"Rare","Brooder",2018,"West Little Lameshur",0.0064102564102564,26,-2.19312459835446
"Rare","Brooder",2018,"White Point",0.1109375,26,-0.954921625264812
"Rare","Brooder",2019,"Cabritte Horn",0.138048780487805,27,-0.859967425531464
"Rare","Brooder",2019,"East Tektite",0.123125,27,-0.909653756494332
"Rare","Brooder",2019,"Europa Bay",0.0525,27,-1.27984069659404
"Rare","Brooder",2019,"Tektite",0.06,27,-1.22184874961636
"Rare","Brooder",2019,"West Little Lameshur",0.00723684210526315,27,-2.14045090278655
"Rare","Brooder",2019,"White Point",0.083974358974359,27,-1.0758533026987
"Rare","Brooder",2020,"Cabritte Horn",0.1735,28,-0.760700520873107
"Rare","Brooder",2020,"East Tektite",0.217948717948718,28,-0.661645681312207
"Rare","Brooder",2020,"Europa Bay",0.03125,28,-1.50514997831991
"Rare","Brooder",2020,"Tektite",0.0986,28,-1.00612308505879
"Rare","Brooder",2020,"White Point",0.0925,28,-1.03385826726097
"Rare","Brooder",2021,"Cabritte Horn",0.118571428571429,29,-0.926019947638183
"Rare","Brooder",2021,"East Tektite",0.03,29,-1.52287874528034
"Rare","Brooder",2021,"Europa Bay",0.019375,29,-1.71275828882165
"Rare","Brooder",2021,"Tektite",0.088,29,-1.05551732784983
"Rare","Brooder",2021,"West Little Lameshur",0.00625,29,-2.20411998265592
"Rare","Brooder",2021,"White Point",0.0689024390243901,29,-1.16176540456428
"Rare","Brooder",2021,"Yawzi",0.00566666666666667,29,-2.24667233334139
"Rare","Brooder",2022,"Cabritte Horn",0.082051282051282,30,-1.08591462870659
"Rare","Brooder",2022,"East Tektite",0.0647435897435898,30,-1.18880322457182
"Rare","Brooder",2022,"Europa Bay",0.01625,30,-1.78914663468511
"Rare","Brooder",2022,"Tektite",0.0666,30,-1.1765257708297
"Rare","Brooder",2022,"West Little Lameshur",0.016025641025641,30,-1.79518458968242
"Rare","Brooder",2022,"White Point",0.0638157894736842,30,-1.19507185367853
"Rare","Brooder",2023,"Cabritte Horn",0.076,31,-1.11918640771921
"Rare","Brooder",2023,"East Tektite",0.140277777777778,31,-0.853011122648626
"Rare","Brooder",2023,"Europa Bay",0.003125,31,-2.50514997831991
"Rare","Brooder",2023,"Tektite",0.0536,31,-1.27083521030723
"Rare","Brooder",2023,"West Little Lameshur",0.003125,31,-2.50514997831991
"Rare","Brooder",2023,"White Point",0.0357142857142857,31,-1.44715803134222
"Rare","Brooder",2023,"Yawzi",0.0283333333333333,31,-1.54770232900537
